{
  "config": {
    "run_name": "test_run",
    "out_dir": "./results",
    "seed": 42,
    "bs_train": 50,
    "bs_test": 12,
    "batches": 10,
    "epochs": 5,
    "early_stopping": 5,
    "checkpoints": null,
    "lr": 0.001,
    "reg": 0.001,
    "filters_per_layer": [
      32
    ],
    "layers_per_block": 1,
    "pool_every": 1,
    "hidden_dims": [
      100
    ],
    "ycn": false,
    "kw": {}
  },
  "results": {
    "num_epochs": 5,
    "train_loss": [
      2.3056716680526734,
      2.304358649253845,
      2.2955639362335205,
      2.297075939178467,
      2.2921051502227785
    ],
    "train_acc": [
      12.2,
      9.8,
      11.0,
      13.6,
      15.4
    ],
    "test_loss": [
      2.2909418106079102,
      2.2993613481521606,
      2.288783144950867,
      2.301870036125183,
      2.2878024339675904
    ],
    "test_acc": [
      20.0,
      7.5,
      15.0,
      10.833333333333334,
      16.666666666666668
    ]
  }
}